Mind, 1, toon offset, 87, oven, 40, cauldron, 75, water, 6, sugar, 47, wheat, 25, barley, 23, oat, 25, rye, 23, roasted pea, 62, roasted corn, 48, fried garlic, 93, fried tomato, 44, fried pea pods, 47, fried carrot, 42, fried cucumber, 18, fried onion, 92, fried potato, 48, fried lettuce, 46, fried pumpkin, 46, fried cabbage, 43, mashed garlic, 124
Body, 2, toon offset, 87, rare oven, 41, cauldron, 75, water, 6, sugar, 47, wheat, 25, barley, 23, oat, 25, rye, 23, roasted pea, 62, roasted corn, 48, fried garlic, 93, fried tomato, 44, fried pea pods, 47, fried carrot, 42, fried cucumber, 18, fried onion, 92, fried potato, 48, fried lettuce, 46, fried pumpkin, 46, fried cabbage, 43, mashed garlic, 124
Soul, 3, toon offset, 87, oven, 40, cauldron, 75, water, 6, sugar, 47, wheat, 25, barley, 23, oat, 25, rye, 23, roasted pea, 62, roasted corn, 48, roasted garlic, 96, roasted tomato, 47, roasted pea pods, 50, roasted carrot, 45, roasted cucumber, 21, roasted onion, 95, roasted potato, 51, roasted lettuce, 49, roasted pumpkin, 49, roasted cabbage, 46, roasted garlic, 96
Body control, 4, toon offset, 87, oven, 40, cauldron, 75, water, 6, sugar, 47, wheat, 25, barley, 23, oat, 25, rye, 23, roasted pea, 62, roasted corn, 48, roasted garlic, 96, fried tomato, 44, fried pea pods, 47, fried carrot, 42, fried cucumber, 18, fried onion, 92, fried potato, 48, fried lettuce, 46, fried pumpkin, 46, fried cabbage, 43, mashed garlic, 124
Body stamina, 5, toon offset, 87, oven, 40, cauldron, 75, salty water, 16, sugar, 47, wheat, 25, barley, 23, oat, 25, rye, 23, fried pea, 59, fried corn, 45, fried garlic, 93, fried tomato, 44, fried pea pods, 47, fried carrot, 42, fried cucumber, 18, fried onion, 92, fried potato, 48, fried lettuce, 46, fried pumpkin, 46, fried cabbage, 43, mashed garlic, 124
Body strength, 6, toon offset, 87, oven, 40, cauldron, 75, water, 6, sugar, 47, wheat, 25, barley, 23, oat, 25, rye, 23, roasted pea, 62, roasted corn, 48, roasted garlic, 96, roasted tomato, 47, roasted pea pods, 50, roasted carrot, 45, roasted cucumber, 21, roasted onion, 95, roasted potato, 51, fried lettuce, 46, fried pumpkin, 46, fried cabbage, 43, chopped garlic, 108
Mind logic, 7, toon offset, 87, oven, 40, cauldron, 75, water, 6, sugar, 47, wheat, 25, barley, 23, oat, 25, rye, 23, roasted pea, 62, roasted corn, 48, roasted garlic, 96, roasted tomato, 47, fried pea pods, 47, fried carrot, 42, fried cucumber, 18, fried onion, 92, fried potato, 48, fried lettuce, 46, fried pumpkin, 46, fried cabbage, 43, mashed garlic, 124
Mind speed, 8, toon offset, 87, oven, 40, cauldron, 75, salty water, 16, sugar, 47, wheat, 25, barley, 23, oat, 25, rye, 23, roasted pea, 62, fried corn, 45, fried garlic, 93, fried tomato, 44, fried pea pods, 47, fried carrot, 42, fried cucumber, 18, fried onion, 92, fried potato, 48, fried lettuce, 46, fried pumpkin, 46, fried cabbage, 43, mashed garlic, 124
Soul depth, 9, toon offset, 87, oven, 40, cauldron, 75, water, 6, sugar, 47, wheat, 25, barley, 23, oat, 25, rye, 23, roasted pea, 62, roasted corn, 48, roasted garlic, 96, roasted tomato, 47, roasted pea pods, 50, roasted carrot, 45, roasted cucumber, 21, roasted onion, 95, roasted potato, 51, roasted lettuce, 49, fried pumpkin, 46, fried cabbage, 43, chopped garlic, 108
Soul strength, 10, toon offset, 87, oven, 40, cauldron, 75, water, 6, sugar, 47, wheat, 25, barley, 23, oat, 25, rye, 23, roasted pea, 62, roasted corn, 48, roasted garlic, 96, roasted tomato, 47, roasted pea pods, 50, fried carrot, 42, fried cucumber, 18, fried onion, 92, fried potato, 48, fried lettuce, 46, fried pumpkin, 46, fried cabbage, 43, mashed garlic, 124
Swords, 11, toon offset, 87, oven, 40, cauldron, 75, salty water, 16, sugar, 47, wheat, 25, barley, 23, oat, 25, rye, 23, roasted pea, 62, roasted corn, 48, fried garlic, 93, fried tomato, 44, fried pea pods, 47, fried carrot, 42, fried cucumber, 18, fried onion, 92, fried potato, 48, fried lettuce, 46, fried pumpkin, 46, fried cabbage, 43, mashed garlic, 124
Axes, 12, toon offset, 87, oven, 40, cauldron, 75, water, 6, sugar, 47, wheat, 25, barley, 23, oat, 25, rye, 23, roasted pea, 62, roasted corn, 48, roasted garlic, 96, roasted tomato, 47, roasted pea pods, 50, roasted carrot, 45, roasted cucumber, 21, roasted onion, 95, roasted potato, 51, roasted lettuce, 49, roasted pumpkin, 49, fried cabbage, 43, chopped garlic, 108
Knives, 13, toon offset, 87, oven, 40, cauldron, 75, water, 6, sugar, 47, wheat, 25, barley, 23, oat, 25, rye, 23, roasted pea, 62, roasted corn, 48, roasted garlic, 96, roasted tomato, 47, roasted pea pods, 50, roasted carrot, 45, fried cucumber, 18, fried onion, 92, fried potato, 48, fried lettuce, 46, fried pumpkin, 46, fried cabbage, 43, mashed garlic, 124
Mauls, 14, toon offset, 87, oven, 40, cauldron, 75, salty water, 16, sugar, 47, wheat, 25, barley, 23, oat, 25, rye, 23, roasted pea, 62, roasted corn, 48, roasted garlic, 96, fried tomato, 44, fried pea pods, 47, fried carrot, 42, fried cucumber, 18, fried onion, 92, fried potato, 48, fried lettuce, 46, fried pumpkin, 46, fried cabbage, 43, mashed garlic, 124
Clubs, 15, toon offset, 87, oven, 40, cauldron, 75, water, 6, sugar, 47, wheat, 25, barley, 23, oat, 25, rye, 23, roasted pea, 62, roasted corn, 48, roasted garlic, 96, roasted tomato, 47, roasted pea pods, 50, roasted carrot, 45, roasted cucumber, 21, roasted onion, 95, roasted potato, 51, roasted lettuce, 49, roasted pumpkin, 49, roasted cabbage, 46, chopped garlic, 108
Hammers, 16, toon offset, 87, oven, 40, cauldron, 75, water, 6, sugar, 47, wheat, 25, barley, 23, oat, 25, rye, 23, roasted pea, 62, roasted corn, 48, roasted garlic, 96, roasted tomato, 47, roasted pea pods, 50, roasted carrot, 45, roasted cucumber, 21, fried onion, 92, fried potato, 48, fried lettuce, 46, fried pumpkin, 46, fried cabbage, 43, mashed garlic, 124
Archery, 17, toon offset, 87, oven, 40, cauldron, 75, salty water, 16, sugar, 47, wheat, 25, barley, 23, oat, 25, rye, 23, roasted pea, 62, roasted corn, 48, roasted garlic, 96, roasted tomato, 47, fried pea pods, 47, fried carrot, 42, fried cucumber, 18, fried onion, 92, fried potato, 48, fried lettuce, 46, fried pumpkin, 46, fried cabbage, 43, mashed garlic, 124
Polearms, 18, toon offset, 87, rare oven, 41, cauldron, 75, salty water, 16, sugar, 47, wheat, 25, barley, 23, oat, 25, rye, 23, roasted pea, 62, roasted corn, 48, roasted garlic, 96, roasted tomato, 47, fried pea pods, 47, fried carrot, 42, fried cucumber, 18, fried onion, 92, fried potato, 48, fried lettuce, 46, fried pumpkin, 46, fried cabbage, 43, mashed garlic, 124
Tailoring, 19, toon offset, 87, oven, 40, cauldron, 75, water, 6, sugar, 47, wheat, 25, barley, 23, oat, 25, rye, 23, roasted pea, 62, roasted corn, 48, roasted garlic, 96, roasted tomato, 47, roasted pea pods, 50, roasted carrot, 45, roasted cucumber, 21, roasted onion, 95, fried potato, 48, fried lettuce, 46, fried pumpkin, 46, fried cabbage, 43, mashed garlic, 124
Cooking, 20, toon offset, 87, oven, 40, cauldron, 75, salty water, 16, sugar, 47, wheat, 25, barley, 23, oat, 25, rye, 23, roasted pea, 62, roasted corn, 48, roasted garlic, 96, roasted tomato, 47, roasted pea pods, 50, fried carrot, 42, fried cucumber, 18, fried onion, 92, fried potato, 48, fried lettuce, 46, fried pumpkin, 46, fried cabbage, 43, mashed garlic, 124
Smithing, 21, toon offset, 87, rare oven, 41, cauldron, 75, salty water, 16, sugar, 47, wheat, 25, barley, 23, oat, 25, rye, 23, roasted pea, 62, roasted corn, 48, roasted garlic, 96, roasted tomato, 47, roasted pea pods, 50, fried carrot, 42, fried cucumber, 18, fried onion, 92, fried potato, 48, fried lettuce, 46, fried pumpkin, 46, fried cabbage, 43, mashed garlic, 124
Weapon smithing, 22, toon offset, 87, oven, 40, cauldron, 75, water, 6, sugar, 47, wheat, 25, barley, 23, oat, 25, rye, 23, roasted pea, 62, roasted corn, 48, roasted garlic, 96, roasted tomato, 47, roasted pea pods, 50, roasted carrot, 45, roasted cucumber, 21, roasted onion, 95, roasted potato, 51, fried lettuce, 46, fried pumpkin, 46, fried cabbage, 43, mashed garlic, 124
Armour smithing, 23, toon offset, 87, oven, 40, cauldron, 75, salty water, 16, sugar, 47, wheat, 25, barley, 23, oat, 25, rye, 23, roasted pea, 62, roasted corn, 48, roasted garlic, 96, roasted tomato, 47, roasted pea pods, 50, roasted carrot, 45, fried cucumber, 18, fried onion, 92, fried potato, 48, fried lettuce, 46, fried pumpkin, 46, fried cabbage, 43, mashed garlic, 124
Miscellaneous items, 24, toon offset, 87, rare oven, 41, cauldron, 75, salty water, 16, sugar, 47, wheat, 25, barley, 23, oat, 25, rye, 23, roasted pea, 62, roasted corn, 48, roasted garlic, 96, roasted tomato, 47, roasted pea pods, 50, roasted carrot, 45, fried cucumber, 18, fried onion, 92, fried potato, 48, fried lettuce, 46, fried pumpkin, 46, fried cabbage, 43, mashed garlic, 124
Shields, 25, toon offset, 87, oven, 40, cauldron, 75, water, 6, sugar, 47, wheat, 25, barley, 23, oat, 25, rye, 23, roasted pea, 62, roasted corn, 48, roasted garlic, 96, roasted tomato, 47, roasted pea pods, 50, roasted carrot, 45, roasted cucumber, 21, roasted onion, 95, roasted potato, 51, roasted lettuce, 49, fried pumpkin, 46, fried cabbage, 43, mashed garlic, 124
Alchemy, 26, toon offset, 87, oven, 40, cauldron, 75, salty water, 16, sugar, 47, wheat, 25, barley, 23, oat, 25, rye, 23, roasted pea, 62, roasted corn, 48, roasted garlic, 96, roasted tomato, 47, roasted pea pods, 50, roasted carrot, 45, roasted cucumber, 21, fried onion, 92, fried potato, 48, fried lettuce, 46, fried pumpkin, 46, fried cabbage, 43, mashed garlic, 124
Nature, 27, toon offset, 87, rare oven, 41, cauldron, 75, salty water, 16, sugar, 47, wheat, 25, barley, 23, oat, 25, rye, 23, roasted pea, 62, roasted corn, 48, roasted garlic, 96, roasted tomato, 47, roasted pea pods, 50, roasted carrot, 45, roasted cucumber, 21, fried onion, 92, fried potato, 48, fried lettuce, 46, fried pumpkin, 46, fried cabbage, 43, mashed garlic, 124
Toys, 28, toon offset, 87, oven, 40, cauldron, 75, water, 6, sugar, 47, wheat, 25, barley, 23, oat, 25, rye, 23, roasted pea, 62, roasted corn, 48, roasted garlic, 96, roasted tomato, 47, roasted pea pods, 50, roasted carrot, 45, roasted cucumber, 21, roasted onion, 95, roasted potato, 51, roasted lettuce, 49, roasted pumpkin, 49, fried cabbage, 43, mashed garlic, 124
Fighting, 29, toon offset, 87, oven, 40, cauldron, 75, salty water, 16, sugar, 47, wheat, 25, barley, 23, oat, 25, rye, 23, roasted pea, 62, roasted corn, 48, roasted garlic, 96, roasted tomato, 47, roasted pea pods, 50, roasted carrot, 45, roasted cucumber, 21, roasted onion, 95, fried potato, 48, fried lettuce, 46, fried pumpkin, 46, fried cabbage, 43, mashed garlic, 124
Healing, 30, toon offset, 87, rare oven, 41, cauldron, 75, salty water, 16, sugar, 47, wheat, 25, barley, 23, oat, 25, rye, 23, roasted pea, 62, roasted corn, 48, roasted garlic, 96, roasted tomato, 47, roasted pea pods, 50, roasted carrot, 45, roasted cucumber, 21, roasted onion, 95, fried potato, 48, fried lettuce, 46, fried pumpkin, 46, fried cabbage, 43, mashed garlic, 124
Religion, 31, toon offset, 87, oven, 40, cauldron, 75, water, 6, sugar, 47, wheat, 25, barley, 23, oat, 25, rye, 23, roasted pea, 62, roasted corn, 48, roasted garlic, 96, roasted tomato, 47, roasted pea pods, 50, roasted carrot, 45, roasted cucumber, 21, roasted onion, 95, roasted potato, 51, roasted lettuce, 49, roasted pumpkin, 49, roasted cabbage, 46, mashed garlic, 124
Thievery, 32, toon offset, 87, oven, 40, cauldron, 75, salty water, 16, sugar, 47, wheat, 25, barley, 23, oat, 25, rye, 23, roasted pea, 62, roasted corn, 48, roasted garlic, 96, roasted tomato, 47, roasted pea pods, 50, roasted carrot, 45, roasted cucumber, 21, roasted onion, 95, roasted potato, 51, fried lettuce, 46, fried pumpkin, 46, fried cabbage, 43, mashed garlic, 124
War machines, 33, toon offset, 87, rare oven, 41, cauldron, 75, salty water, 16, sugar, 47, wheat, 25, barley, 23, oat, 25, rye, 23, roasted pea, 62, roasted corn, 48, roasted garlic, 96, roasted tomato, 47, roasted pea pods, 50, roasted carrot, 45, roasted cucumber, 21, roasted onion, 95, roasted potato, 51, fried lettuce, 46, fried pumpkin, 46, fried cabbage, 43, mashed garlic, 124
Farming, 34, toon offset, 87, rare oven, 41, cauldron, 75, water, 6, sugar, 47, wheat, 25, barley, 23, oat, 25, rye, 23, roasted pea, 62, roasted corn, 48, fried garlic, 93, fried tomato, 44, fried pea pods, 47, fried carrot, 42, fried cucumber, 18, fried onion, 92, fried potato, 48, fried lettuce, 46, fried pumpkin, 46, fried cabbage, 43, fried cucumber, 18
Papyrusmaking, 35, toon offset, 87, oven, 40, cauldron, 75, salty water, 16, sugar, 47, wheat, 25, barley, 23, oat, 25, rye, 23, roasted pea, 62, roasted corn, 48, roasted garlic, 96, roasted tomato, 47, roasted pea pods, 50, roasted carrot, 45, roasted cucumber, 21, roasted onion, 95, roasted potato, 51, roasted lettuce, 49, fried pumpkin, 46, fried cabbage, 43, mashed garlic, 124
Thatching, 36, toon offset, 87, rare oven, 41, cauldron, 75, salty water, 16, sugar, 47, wheat, 25, barley, 23, oat, 25, rye, 23, roasted pea, 62, roasted corn, 48, roasted garlic, 96, roasted tomato, 47, roasted pea pods, 50, roasted carrot, 45, roasted cucumber, 21, roasted onion, 95, roasted potato, 51, roasted lettuce, 49, fried pumpkin, 46, fried cabbage, 43, mashed garlic, 124
Gardening, 37, toon offset, 87, oven, 40, cauldron, 75, salty water, 16, sugar, 47, wheat, 25, barley, 23, oat, 25, rye, 23, fried pea, 59, fried corn, 45, fried garlic, 93, fried tomato, 44, fried pea pods, 47, fried carrot, 42, fried cucumber, 18, fried onion, 92, fried potato, 48, fried lettuce, 46, fried pumpkin, 46, fried cabbage, 43, fried cucumber, 18
Meditating, 38, toon offset, 87, oven, 40, cauldron, 75, salty water, 16, sugar, 47, wheat, 25, barley, 23, oat, 25, rye, 23, roasted pea, 62, roasted corn, 48, roasted garlic, 96, roasted tomato, 47, roasted pea pods, 50, roasted carrot, 45, roasted cucumber, 21, roasted onion, 95, roasted potato, 51, roasted lettuce, 49, roasted pumpkin, 49, fried cabbage, 43, mashed garlic, 124
Forestry, 39, toon offset, 87, rare oven, 41, cauldron, 75, salty water, 16, sugar, 47, wheat, 25, barley, 23, oat, 25, rye, 23, roasted pea, 62, roasted corn, 48, roasted garlic, 96, roasted tomato, 47, roasted pea pods, 50, roasted carrot, 45, roasted cucumber, 21, roasted onion, 95, roasted potato, 51, roasted lettuce, 49, roasted pumpkin, 49, fried cabbage, 43, mashed garlic, 124
Rake, 40, toon offset, 87, oven, 40, cauldron, 75, salty water, 16, sugar, 47, wheat, 25, barley, 23, oat, 25, rye, 23, roasted pea, 62, fried corn, 45, fried garlic, 93, fried tomato, 44, fried pea pods, 47, fried carrot, 42, fried cucumber, 18, fried onion, 92, fried potato, 48, fried lettuce, 46, fried pumpkin, 46, fried cabbage, 43, fried cucumber, 18
Scythe, 41, toon offset, 87, oven, 40, cauldron, 75, salty water, 16, sugar, 47, wheat, 25, barley, 23, oat, 25, rye, 23, roasted pea, 62, roasted corn, 48, roasted garlic, 96, roasted tomato, 47, roasted pea pods, 50, roasted carrot, 45, roasted cucumber, 21, roasted onion, 95, roasted potato, 51, roasted lettuce, 49, roasted pumpkin, 49, roasted cabbage, 46, mashed garlic, 124
Sickle, 42, toon offset, 87, rare oven, 41, cauldron, 75, salty water, 16, sugar, 47, wheat, 25, barley, 23, oat, 25, rye, 23, roasted pea, 62, roasted corn, 48, roasted garlic, 96, roasted tomato, 47, roasted pea pods, 50, roasted carrot, 45, roasted cucumber, 21, roasted onion, 95, roasted potato, 51, roasted lettuce, 49, roasted pumpkin, 49, roasted cabbage, 46, mashed garlic, 124
Small Axe, 43, toon offset, 87, oven, 40, cauldron, 75, salty water, 16, sugar, 47, wheat, 25, barley, 23, oat, 25, rye, 23, roasted pea, 62, roasted corn, 48, fried garlic, 93, fried tomato, 44, fried pea pods, 47, fried carrot, 42, fried cucumber, 18, fried onion, 92, fried potato, 48, fried lettuce, 46, fried pumpkin, 46, fried cabbage, 43, fried cucumber, 18
Mining, 44, toon offset, 87, oven, 40, cauldron, 75, water, 6, sugar, 47, wheat, 25, barley, 23, oat, 25, rye, 23, roasted pea, 62, roasted corn, 48, roasted garlic, 96, roasted tomato, 47, roasted pea pods, 50, roasted carrot, 45, fried cucumber, 18, fried onion, 92, fried potato, 48, fried lettuce, 46, fried pumpkin, 46, fried cabbage, 43, cucumber, 17
Digging, 45, toon offset, 87, oven, 40, cauldron, 75, water, 6, sugar, 47, wheat, 25, barley, 23, oat, 25, rye, 23, roasted pea, 62, roasted corn, 48, roasted garlic, 96, roasted tomato, 47, roasted pea pods, 50, roasted carrot, 45, fried cucumber, 18, fried onion, 92, fried potato, 48, fried lettuce, 46, fried pumpkin, 46, fried cabbage, 43, fried cucumber, 18
Pickaxe, 46, toon offset, 87, oven, 40, cauldron, 75, salty water, 16, sugar, 47, wheat, 25, barley, 23, oat, 25, rye, 23, roasted pea, 62, roasted corn, 48, roasted garlic, 96, fried tomato, 44, fried pea pods, 47, fried carrot, 42, fried cucumber, 18, fried onion, 92, fried potato, 48, fried lettuce, 46, fried pumpkin, 46, fried cabbage, 43, fried cucumber, 18
Shovel, 47, toon offset, 87, oven, 40, cauldron, 75, water, 6, sugar, 47, wheat, 25, barley, 23, oat, 25, rye, 23, roasted pea, 62, roasted corn, 48, roasted garlic, 96, roasted tomato, 47, roasted pea pods, 50, roasted carrot, 45, roasted cucumber, 21, fried onion, 92, fried potato, 48, fried lettuce, 46, fried pumpkin, 46, fried cabbage, 43, cucumber, 17
Pottery, 48, toon offset, 87, oven, 40, cauldron, 75, water, 6, sugar, 47, wheat, 25, barley, 23, oat, 25, rye, 23, roasted pea, 62, roasted corn, 48, roasted garlic, 96, roasted tomato, 47, roasted pea pods, 50, roasted carrot, 45, roasted cucumber, 21, fried onion, 92, fried potato, 48, fried lettuce, 46, fried pumpkin, 46, fried cabbage, 43, fried cucumber, 18
Ropemaking, 49, toon offset, 87, oven, 40, cauldron, 75, salty water, 16, sugar, 47, wheat, 25, barley, 23, oat, 25, rye, 23, roasted pea, 62, roasted corn, 48, roasted garlic, 96, roasted tomato, 47, fried pea pods, 47, fried carrot, 42, fried cucumber, 18, fried onion, 92, fried potato, 48, fried lettuce, 46, fried pumpkin, 46, fried cabbage, 43, fried cucumber, 18
Woodcutting, 50, toon offset, 87, oven, 40, cauldron, 75, water, 6, sugar, 47, wheat, 25, barley, 23, oat, 25, rye, 23, fried pea, 59, fried corn, 45, fried garlic, 93, fried tomato, 44, fried pea pods, 47, fried carrot, 42, fried cucumber, 18, fried onion, 92, fried potato, 48, fried lettuce, 46, fried pumpkin, 46, fried cabbage, 43, carrot, 41
Hatchet, 51, toon offset, 87, oven, 40, cauldron, 75, water, 6, sugar, 47, wheat, 25, barley, 23, oat, 25, rye, 23, fried pea, 59, fried corn, 45, fried garlic, 93, fried tomato, 44, fried pea pods, 47, fried carrot, 42, fried cucumber, 18, fried onion, 92, fried potato, 48, fried lettuce, 46, fried pumpkin, 46, fried cabbage, 43, fried carrot, 42
Leatherworking, 52, toon offset, 87, rare oven, 41, cauldron, 75, water, 6, sugar, 47, wheat, 25, barley, 23, oat, 25, rye, 23, fried pea, 59, fried corn, 45, fried garlic, 93, fried tomato, 44, fried pea pods, 47, fried carrot, 42, fried cucumber, 18, fried onion, 92, fried potato, 48, fried lettuce, 46, fried pumpkin, 46, fried cabbage, 43, fried carrot, 42
Cloth tailoring, 53, toon offset, 87, oven, 40, cauldron, 75, water, 6, sugar, 47, wheat, 25, barley, 23, oat, 25, rye, 23, roasted pea, 62, fried corn, 45, fried garlic, 93, fried tomato, 44, fried pea pods, 47, fried carrot, 42, fried cucumber, 18, fried onion, 92, fried potato, 48, fried lettuce, 46, fried pumpkin, 46, fried cabbage, 43, carrot, 41
Masonry, 54, toon offset, 87, oven, 40, cauldron, 75, water, 6, sugar, 47, wheat, 25, barley, 23, oat, 25, rye, 23, roasted pea, 62, fried corn, 45, fried garlic, 93, fried tomato, 44, fried pea pods, 47, fried carrot, 42, fried cucumber, 18, fried onion, 92, fried potato, 48, fried lettuce, 46, fried pumpkin, 46, fried cabbage, 43, fried carrot, 42
Blades smithing, 55, toon offset, 87, rare oven, 41, cauldron, 75, water, 6, sugar, 47, wheat, 25, barley, 23, oat, 25, rye, 23, roasted pea, 62, fried corn, 45, fried garlic, 93, fried tomato, 44, fried pea pods, 47, fried carrot, 42, fried cucumber, 18, fried onion, 92, fried potato, 48, fried lettuce, 46, fried pumpkin, 46, fried cabbage, 43, fried carrot, 42
Weapon heads smithing, 56, toon offset, 87, oven, 40, cauldron, 75, water, 6, sugar, 47, wheat, 25, barley, 23, oat, 25, rye, 23, roasted pea, 62, roasted corn, 48, fried garlic, 93, fried tomato, 44, fried pea pods, 47, fried carrot, 42, fried cucumber, 18, fried onion, 92, fried potato, 48, fried lettuce, 46, fried pumpkin, 46, fried cabbage, 43, carrot, 41
Chain armour smithing, 57, toon offset, 87, oven, 40, cauldron, 75, water, 6, sugar, 47, wheat, 25, barley, 23, oat, 25, rye, 23, roasted pea, 62, roasted corn, 48, fried garlic, 93, fried tomato, 44, fried pea pods, 47, fried carrot, 42, fried cucumber, 18, fried onion, 92, fried potato, 48, fried lettuce, 46, fried pumpkin, 46, fried cabbage, 43, fried carrot, 42
Plate armour smithing, 58, toon offset, 87, rare oven, 41, cauldron, 75, water, 6, sugar, 47, wheat, 25, barley, 23, oat, 25, rye, 23, roasted pea, 62, roasted corn, 48, fried garlic, 93, fried tomato, 44, fried pea pods, 47, fried carrot, 42, fried cucumber, 18, fried onion, 92, fried potato, 48, fried lettuce, 46, fried pumpkin, 46, fried cabbage, 43, fried carrot, 42
Shield smithing, 59, toon offset, 87, oven, 40, cauldron, 75, water, 6, sugar, 47, wheat, 25, barley, 23, oat, 25, rye, 23, roasted pea, 62, roasted corn, 48, roasted garlic, 96, fried tomato, 44, fried pea pods, 47, fried carrot, 42, fried cucumber, 18, fried onion, 92, fried potato, 48, fried lettuce, 46, fried pumpkin, 46, fried cabbage, 43, carrot, 41
Blacksmithing, 60, toon offset, 87, oven, 40, cauldron, 75, water, 6, sugar, 47, wheat, 25, barley, 23, oat, 25, rye, 23, roasted pea, 62, roasted corn, 48, roasted garlic, 96, fried tomato, 44, fried pea pods, 47, fried carrot, 42, fried cucumber, 18, fried onion, 92, fried potato, 48, fried lettuce, 46, fried pumpkin, 46, fried cabbage, 43, fried carrot, 42
Dairy food making, 61, toon offset, 87, oven, 40, cauldron, 75, salty water, 16, sugar, 47, wheat, 25, barley, 23, oat, 25, rye, 23, fried pea, 59, fried corn, 45, fried garlic, 93, fried tomato, 44, fried pea pods, 47, fried carrot, 42, fried cucumber, 18, fried onion, 92, fried potato, 48, fried lettuce, 46, fried pumpkin, 46, fried cabbage, 43, fried carrot, 42
Hot food cooking, 62, toon offset, 87, oven, 40, cauldron, 75, water, 6, sugar, 47, wheat, 25, barley, 23, oat, 25, rye, 23, roasted pea, 62, roasted corn, 48, roasted garlic, 96, roasted tomato, 47, fried pea pods, 47, fried carrot, 42, fried cucumber, 18, fried onion, 92, fried potato, 48, fried lettuce, 46, fried pumpkin, 46, fried cabbage, 43, carrot, 41
Baking, 63, toon offset, 87, oven, 40, cauldron, 75, water, 6, sugar, 47, wheat, 25, barley, 23, oat, 25, rye, 23, roasted pea, 62, roasted corn, 48, roasted garlic, 96, roasted tomato, 47, fried pea pods, 47, fried carrot, 42, fried cucumber, 18, fried onion, 92, fried potato, 48, fried lettuce, 46, fried pumpkin, 46, fried cabbage, 43, fried carrot, 42
Beverages, 64, toon offset, 87, oven, 40, cauldron, 75, salty water, 16, sugar, 47, wheat, 25, barley, 23, oat, 25, rye, 23, roasted pea, 62, fried corn, 45, fried garlic, 93, fried tomato, 44, fried pea pods, 47, fried carrot, 42, fried cucumber, 18, fried onion, 92, fried potato, 48, fried lettuce, 46, fried pumpkin, 46, fried cabbage, 43, fried carrot, 42
Longsword, 65, toon offset, 87, oven, 40, cauldron, 75, water, 6, sugar, 47, wheat, 25, barley, 23, oat, 25, rye, 23, roasted pea, 62, roasted corn, 48, roasted garlic, 96, roasted tomato, 47, roasted pea pods, 50, fried carrot, 42, fried cucumber, 18, fried onion, 92, fried potato, 48, fried lettuce, 46, fried pumpkin, 46, fried cabbage, 43, carrot, 41
Large maul, 66, toon offset, 87, oven, 40, cauldron, 75, water, 6, sugar, 47, wheat, 25, barley, 23, oat, 25, rye, 23, roasted pea, 62, roasted corn, 48, roasted garlic, 96, roasted tomato, 47, roasted pea pods, 50, fried carrot, 42, fried cucumber, 18, fried onion, 92, fried potato, 48, fried lettuce, 46, fried pumpkin, 46, fried cabbage, 43, fried carrot, 42
Medium maul, 67, toon offset, 87, oven, 40, cauldron, 75, salty water, 16, sugar, 47, wheat, 25, barley, 23, oat, 25, rye, 23, roasted pea, 62, roasted corn, 48, fried garlic, 93, fried tomato, 44, fried pea pods, 47, fried carrot, 42, fried cucumber, 18, fried onion, 92, fried potato, 48, fried lettuce, 46, fried pumpkin, 46, fried cabbage, 43, fried carrot, 42
Small maul, 68, toon offset, 87, oven, 40, cauldron, 75, water, 6, sugar, 47, wheat, 25, barley, 23, oat, 25, rye, 23, roasted pea, 62, roasted corn, 48, roasted garlic, 96, roasted tomato, 47, roasted pea pods, 50, roasted carrot, 45, fried cucumber, 18, fried onion, 92, fried potato, 48, fried lettuce, 46, fried pumpkin, 46, fried cabbage, 43, carrot, 41
Warhammer, 69, toon offset, 87, oven, 40, cauldron, 75, water, 6, sugar, 47, wheat, 25, barley, 23, oat, 25, rye, 23, roasted pea, 62, roasted corn, 48, roasted garlic, 96, roasted tomato, 47, roasted pea pods, 50, roasted carrot, 45, fried cucumber, 18, fried onion, 92, fried potato, 48, fried lettuce, 46, fried pumpkin, 46, fried cabbage, 43, fried carrot, 42
Long spear, 70, toon offset, 87, oven, 40, cauldron, 75, salty water, 16, sugar, 47, wheat, 25, barley, 23, oat, 25, rye, 23, roasted pea, 62, roasted corn, 48, roasted garlic, 96, fried tomato, 44, fried pea pods, 47, fried carrot, 42, fried cucumber, 18, fried onion, 92, fried potato, 48, fried lettuce, 46, fried pumpkin, 46, fried cabbage, 43, fried carrot, 42
Halberd, 71, toon offset, 87, oven, 40, cauldron, 75, water, 6, sugar, 47, wheat, 25, barley, 23, oat, 25, rye, 23, roasted pea, 62, roasted corn, 48, roasted garlic, 96, roasted tomato, 47, roasted pea pods, 50, roasted carrot, 45, roasted cucumber, 21, fried onion, 92, fried potato, 48, fried lettuce, 46, fried pumpkin, 46, fried cabbage, 43, carrot, 41
Staff, 72, toon offset, 87, oven, 40, cauldron, 75, water, 6, sugar, 47, wheat, 25, barley, 23, oat, 25, rye, 23, roasted pea, 62, roasted corn, 48, roasted garlic, 96, roasted tomato, 47, roasted pea pods, 50, roasted carrot, 45, roasted cucumber, 21, fried onion, 92, fried potato, 48, fried lettuce, 46, fried pumpkin, 46, fried cabbage, 43, fried carrot, 42
Carving knife, 73, toon offset, 87, oven, 40, cauldron, 75, salty water, 16, sugar, 47, wheat, 25, barley, 23, oat, 25, rye, 23, roasted pea, 62, roasted corn, 48, roasted garlic, 96, roasted tomato, 47, fried pea pods, 47, fried carrot, 42, fried cucumber, 18, fried onion, 92, fried potato, 48, fried lettuce, 46, fried pumpkin, 46, fried cabbage, 43, fried carrot, 42
Butchering knife, 74, toon offset, 87, oven, 40, cauldron, 75, water, 6, sugar, 47, wheat, 25, barley, 23, oat, 25, rye, 23, roasted pea, 62, roasted corn, 48, roasted garlic, 96, roasted tomato, 47, roasted pea pods, 50, roasted carrot, 45, roasted cucumber, 21, roasted onion, 95, fried potato, 48, fried lettuce, 46, fried pumpkin, 46, fried cabbage, 43, carrot, 41
Stone chisel, 75, toon offset, 87, oven, 40, cauldron, 75, water, 6, sugar, 47, wheat, 25, barley, 23, oat, 25, rye, 23, roasted pea, 62, roasted corn, 48, roasted garlic, 96, roasted tomato, 47, roasted pea pods, 50, roasted carrot, 45, roasted cucumber, 21, roasted onion, 95, fried potato, 48, fried lettuce, 46, fried pumpkin, 46, fried cabbage, 43, fried carrot, 42
Huge club, 76, toon offset, 87, oven, 40, cauldron, 75, salty water, 16, sugar, 47, wheat, 25, barley, 23, oat, 25, rye, 23, roasted pea, 62, roasted corn, 48, roasted garlic, 96, roasted tomato, 47, roasted pea pods, 50, fried carrot, 42, fried cucumber, 18, fried onion, 92, fried potato, 48, fried lettuce, 46, fried pumpkin, 46, fried cabbage, 43, fried carrot, 42
Saw, 77, toon offset, 87, oven, 40, cauldron, 75, water, 6, sugar, 47, wheat, 25, barley, 23, oat, 25, rye, 23, roasted pea, 62, roasted corn, 48, roasted garlic, 96, roasted tomato, 47, roasted pea pods, 50, roasted carrot, 45, roasted cucumber, 21, roasted onion, 95, roasted potato, 51, fried lettuce, 46, fried pumpkin, 46, fried cabbage, 43, carrot, 41
Butchering, 78, toon offset, 87, oven, 40, cauldron, 75, water, 6, sugar, 47, wheat, 25, barley, 23, oat, 25, rye, 23, roasted pea, 62, roasted corn, 48, roasted garlic, 96, roasted tomato, 47, roasted pea pods, 50, roasted carrot, 45, roasted cucumber, 21, roasted onion, 95, roasted potato, 51, fried lettuce, 46, fried pumpkin, 46, fried cabbage, 43, fried carrot, 42
Carpentry, 79, toon offset, 87, oven, 40, cauldron, 75, salty water, 16, sugar, 47, wheat, 25, barley, 23, oat, 25, rye, 23, roasted pea, 62, roasted corn, 48, roasted garlic, 96, roasted tomato, 47, roasted pea pods, 50, roasted carrot, 45, fried cucumber, 18, fried onion, 92, fried potato, 48, fried lettuce, 46, fried pumpkin, 46, fried cabbage, 43, fried carrot, 42
Firemaking, 80, toon offset, 87, oven, 40, cauldron, 75, water, 6, sugar, 47, wheat, 25, barley, 23, oat, 25, rye, 23, roasted pea, 62, roasted corn, 48, roasted garlic, 96, roasted tomato, 47, roasted pea pods, 50, roasted carrot, 45, roasted cucumber, 21, roasted onion, 95, roasted potato, 51, roasted lettuce, 49, fried pumpkin, 46, fried cabbage, 43, carrot, 41
Tracking, 81, toon offset, 87, oven, 40, cauldron, 75, water, 6, sugar, 47, wheat, 25, barley, 23, oat, 25, rye, 23, roasted pea, 62, roasted corn, 48, roasted garlic, 96, roasted tomato, 47, roasted pea pods, 50, roasted carrot, 45, roasted cucumber, 21, roasted onion, 95, roasted potato, 51, roasted lettuce, 49, fried pumpkin, 46, fried cabbage, 43, fried carrot, 42
Small wooden shield, 82, toon offset, 87, oven, 40, cauldron, 75, water, 6, sugar, 47, wheat, 25, barley, 23, oat, 25, rye, 23, fried pea, 59, fried corn, 45, fried garlic, 93, fried tomato, 44, fried pea pods, 47, fried carrot, 42, fried cucumber, 18, fried onion, 92, fried potato, 48, fried lettuce, 46, fried pumpkin, 46, fried cabbage, 43, mashed carrot, 73
Medium wooden shield, 83, toon offset, 87, oven, 40, cauldron, 75, water, 6, sugar, 47, wheat, 25, barley, 23, oat, 25, rye, 23, roasted pea, 62, roasted corn, 48, roasted garlic, 96, roasted tomato, 47, roasted pea pods, 50, roasted carrot, 45, roasted cucumber, 21, roasted onion, 95, roasted potato, 51, roasted lettuce, 49, roasted pumpkin, 49, fried cabbage, 43, carrot, 41
Large wooden shield, 84, toon offset, 87, oven, 40, cauldron, 75, water, 6, sugar, 47, wheat, 25, barley, 23, oat, 25, rye, 23, roasted pea, 62, roasted corn, 48, roasted garlic, 96, roasted tomato, 47, roasted pea pods, 50, roasted carrot, 45, roasted cucumber, 21, roasted onion, 95, roasted potato, 51, roasted lettuce, 49, roasted pumpkin, 49, fried cabbage, 43, fried carrot, 42
Small metal shield, 85, toon offset, 87, oven, 40, cauldron, 75, water, 6, sugar, 47, wheat, 25, barley, 23, oat, 25, rye, 23, roasted pea, 62, fried corn, 45, fried garlic, 93, fried tomato, 44, fried pea pods, 47, fried carrot, 42, fried cucumber, 18, fried onion, 92, fried potato, 48, fried lettuce, 46, fried pumpkin, 46, fried cabbage, 43, mashed carrot, 73
Large metal shield, 86, toon offset, 87, oven, 40, cauldron, 75, water, 6, sugar, 47, wheat, 25, barley, 23, oat, 25, rye, 23, roasted pea, 62, roasted corn, 48, roasted garlic, 96, roasted tomato, 47, roasted pea pods, 50, roasted carrot, 45, roasted cucumber, 21, roasted onion, 95, roasted potato, 51, roasted lettuce, 49, roasted pumpkin, 49, roasted cabbage, 46, carrot, 41
Medium metal shield, 87, toon offset, 87, oven, 40, cauldron, 75, water, 6, sugar, 47, wheat, 25, barley, 23, oat, 25, rye, 23, roasted pea, 62, roasted corn, 48, roasted garlic, 96, roasted tomato, 47, roasted pea pods, 50, roasted carrot, 45, roasted cucumber, 21, roasted onion, 95, roasted potato, 51, roasted lettuce, 49, roasted pumpkin, 49, roasted cabbage, 46, fried carrot, 42
Large axe, 88, toon offset, 87, oven, 40, cauldron, 75, water, 6, sugar, 47, wheat, 25, barley, 23, oat, 25, rye, 23, roasted pea, 62, roasted corn, 48, fried garlic, 93, fried tomato, 44, fried pea pods, 47, fried carrot, 42, fried cucumber, 18, fried onion, 92, fried potato, 48, fried lettuce, 46, fried pumpkin, 46, fried cabbage, 43, mashed carrot, 73
Huge axe, 89, toon offset, 87, rare oven, 41, cauldron, 75, water, 6, sugar, 47, wheat, 25, barley, 23, oat, 25, rye, 23, roasted pea, 62, roasted corn, 48, fried garlic, 93, fried tomato, 44, fried pea pods, 47, fried carrot, 42, fried cucumber, 18, fried onion, 92, fried potato, 48, fried lettuce, 46, fried pumpkin, 46, fried cabbage, 43, mashed carrot, 73
Shortsword, 90, toon offset, 87, oven, 40, cauldron, 75, water, 6, sugar, 47, wheat, 25, barley, 23, oat, 25, rye, 23, roasted pea, 62, roasted corn, 48, roasted garlic, 96, roasted tomato, 47, roasted pea pods, 50, roasted carrot, 45, roasted cucumber, 21, roasted onion, 95, roasted potato, 51, roasted lettuce, 49, roasted pumpkin, 49, roasted cabbage, 46, roasted carrot, 45
Two handed sword, 91, toon offset, 87, oven, 40, cauldron, 75, water, 6, sugar, 47, wheat, 25, barley, 23, oat, 25, rye, 23, roasted pea, 62, roasted corn, 48, roasted garlic, 96, fried tomato, 44, fried pea pods, 47, fried carrot, 42, fried cucumber, 18, fried onion, 92, fried potato, 48, fried lettuce, 46, fried pumpkin, 46, fried cabbage, 43, mashed carrot, 73
Hammer, 92, toon offset, 87, oven, 40, cauldron, 75, salty water, 16, sugar, 47, wheat, 25, barley, 23, oat, 25, rye, 23, fried pea, 59, fried corn, 45, fried garlic, 93, fried tomato, 44, fried pea pods, 47, fried carrot, 42, fried cucumber, 18, fried onion, 92, fried potato, 48, fried lettuce, 46, fried pumpkin, 46, fried cabbage, 43, mashed carrot, 73
Paving, 93, toon offset, 87, oven, 40, cauldron, 75, water, 6, sugar, 47, wheat, 25, barley, 23, oat, 25, rye, 23, roasted pea, 62, roasted corn, 48, roasted garlic, 96, roasted tomato, 47, roasted pea pods, 50, roasted carrot, 45, roasted cucumber, 21, roasted onion, 95, roasted potato, 51, fried lettuce, 46, fried pumpkin, 46, fried cabbage, 43, chopped carrot, 57
Prospecting, 94, toon offset, 87, oven, 40, cauldron, 75, water, 6, sugar, 47, wheat, 25, barley, 23, oat, 25, rye, 23, roasted pea, 62, roasted corn, 48, roasted garlic, 96, roasted tomato, 47, fried pea pods, 47, fried carrot, 42, fried cucumber, 18, fried onion, 92, fried potato, 48, fried lettuce, 46, fried pumpkin, 46, fried cabbage, 43, mashed carrot, 73
Fishing, 95, toon offset, 87, oven, 40, cauldron, 75, salty water, 16, sugar, 47, wheat, 25, barley, 23, oat, 25, rye, 23, roasted pea, 62, fried corn, 45, fried garlic, 93, fried tomato, 44, fried pea pods, 47, fried carrot, 42, fried cucumber, 18, fried onion, 92, fried potato, 48, fried lettuce, 46, fried pumpkin, 46, fried cabbage, 43, mashed carrot, 73
Locksmithing, 96, toon offset, 87, oven, 40, cauldron, 75, water, 6, sugar, 47, wheat, 25, barley, 23, oat, 25, rye, 23, roasted pea, 62, roasted corn, 48, roasted garlic, 96, roasted tomato, 47, roasted pea pods, 50, roasted carrot, 45, roasted cucumber, 21, roasted onion, 95, roasted potato, 51, roasted lettuce, 49, fried pumpkin, 46, fried cabbage, 43, chopped carrot, 57
Repairing, 97, toon offset, 87, oven, 40, cauldron, 75, water, 6, sugar, 47, wheat, 25, barley, 23, oat, 25, rye, 23, roasted pea, 62, roasted corn, 48, roasted garlic, 96, roasted tomato, 47, roasted pea pods, 50, fried carrot, 42, fried cucumber, 18, fried onion, 92, fried potato, 48, fried lettuce, 46, fried pumpkin, 46, fried cabbage, 43, mashed carrot, 73
Coal-making, 98, toon offset, 87, oven, 40, cauldron, 75, salty water, 16, sugar, 47, wheat, 25, barley, 23, oat, 25, rye, 23, roasted pea, 62, roasted corn, 48, fried garlic, 93, fried tomato, 44, fried pea pods, 47, fried carrot, 42, fried cucumber, 18, fried onion, 92, fried potato, 48, fried lettuce, 46, fried pumpkin, 46, fried cabbage, 43, mashed carrot, 73
Milling, 99, toon offset, 87, oven, 40, cauldron, 75, water, 6, sugar, 47, wheat, 25, barley, 23, oat, 25, rye, 23, roasted pea, 62, roasted corn, 48, roasted garlic, 96, roasted tomato, 47, roasted pea pods, 50, roasted carrot, 45, roasted cucumber, 21, roasted onion, 95, roasted potato, 51, roasted lettuce, 49, roasted pumpkin, 49, fried cabbage, 43, chopped carrot, 57
Metallurgy, 100, toon offset, 87, oven, 40, cauldron, 75, water, 6, sugar, 47, wheat, 25, barley, 23, oat, 25, rye, 23, roasted pea, 62, roasted corn, 48, roasted garlic, 96, roasted tomato, 47, roasted pea pods, 50, roasted carrot, 45, fried cucumber, 18, fried onion, 92, fried potato, 48, fried lettuce, 46, fried pumpkin, 46, fried cabbage, 43, mashed carrot, 73
Natural substances, 101, toon offset, 87, oven, 40, cauldron, 75, water, 6, sugar, 47, wheat, 25, barley, 23, oat, 25, rye, 23, fried pea, 59, fried corn, 45, fried garlic, 93, fried tomato, 44, fried pea pods, 47, fried carrot, 42, fried cucumber, 18, fried onion, 92, fried potato, 48, fried lettuce, 46, fried pumpkin, 46, fried cabbage, 43, garlic, 92
Jewelry smithing, 102, toon offset, 87, oven, 40, cauldron, 75, water, 6, sugar, 47, wheat, 25, barley, 23, oat, 25, rye, 23, fried pea, 59, fried corn, 45, fried garlic, 93, fried tomato, 44, fried pea pods, 47, fried carrot, 42, fried cucumber, 18, fried onion, 92, fried potato, 48, fried lettuce, 46, fried pumpkin, 46, fried cabbage, 43, fried garlic, 93
Fine carpentry, 103, toon offset, 87, rare oven, 41, cauldron, 75, water, 6, sugar, 47, wheat, 25, barley, 23, oat, 25, rye, 23, fried pea, 59, fried corn, 45, fried garlic, 93, fried tomato, 44, fried pea pods, 47, fried carrot, 42, fried cucumber, 18, fried onion, 92, fried potato, 48, fried lettuce, 46, fried pumpkin, 46, fried cabbage, 43, fried garlic, 93
Bowyery, 104, toon offset, 87, oven, 40, cauldron, 75, water, 6, sugar, 47, wheat, 25, barley, 23, oat, 25, rye, 23, roasted pea, 62, fried corn, 45, fried garlic, 93, fried tomato, 44, fried pea pods, 47, fried carrot, 42, fried cucumber, 18, fried onion, 92, fried potato, 48, fried lettuce, 46, fried pumpkin, 46, fried cabbage, 43, garlic, 92
Fletching, 105, toon offset, 87, oven, 40, cauldron, 75, water, 6, sugar, 47, wheat, 25, barley, 23, oat, 25, rye, 23, roasted pea, 62, fried corn, 45, fried garlic, 93, fried tomato, 44, fried pea pods, 47, fried carrot, 42, fried cucumber, 18, fried onion, 92, fried potato, 48, fried lettuce, 46, fried pumpkin, 46, fried cabbage, 43, fried garlic, 93
Yoyo, 106, toon offset, 87, rare oven, 41, cauldron, 75, water, 6, sugar, 47, wheat, 25, barley, 23, oat, 25, rye, 23, roasted pea, 62, fried corn, 45, fried garlic, 93, fried tomato, 44, fried pea pods, 47, fried carrot, 42, fried cucumber, 18, fried onion, 92, fried potato, 48, fried lettuce, 46, fried pumpkin, 46, fried cabbage, 43, fried garlic, 93
Puppeteering, 107, toon offset, 87, oven, 40, cauldron, 75, water, 6, sugar, 47, wheat, 25, barley, 23, oat, 25, rye, 23, roasted pea, 62, roasted corn, 48, fried garlic, 93, fried tomato, 44, fried pea pods, 47, fried carrot, 42, fried cucumber, 18, fried onion, 92, fried potato, 48, fried lettuce, 46, fried pumpkin, 46, fried cabbage, 43, garlic, 92
Toy making, 108, toon offset, 87, oven, 40, cauldron, 75, water, 6, sugar, 47, wheat, 25, barley, 23, oat, 25, rye, 23, roasted pea, 62, roasted corn, 48, fried garlic, 93, fried tomato, 44, fried pea pods, 47, fried carrot, 42, fried cucumber, 18, fried onion, 92, fried potato, 48, fried lettuce, 46, fried pumpkin, 46, fried cabbage, 43, fried garlic, 93
Weaponless fighting, 109, toon offset, 87, rare oven, 41, cauldron, 75, water, 6, sugar, 47, wheat, 25, barley, 23, oat, 25, rye, 23, roasted pea, 62, roasted corn, 48, fried garlic, 93, fried tomato, 44, fried pea pods, 47, fried carrot, 42, fried cucumber, 18, fried onion, 92, fried potato, 48, fried lettuce, 46, fried pumpkin, 46, fried cabbage, 43, fried garlic, 93
Aggressive fighting, 110, toon offset, 87, oven, 40, cauldron, 75, water, 6, sugar, 47, wheat, 25, barley, 23, oat, 25, rye, 23, roasted pea, 62, roasted corn, 48, roasted garlic, 96, fried tomato, 44, fried pea pods, 47, fried carrot, 42, fried cucumber, 18, fried onion, 92, fried potato, 48, fried lettuce, 46, fried pumpkin, 46, fried cabbage, 43, garlic, 92
Defensive fighting, 111, toon offset, 87, oven, 40, cauldron, 75, water, 6, sugar, 47, wheat, 25, barley, 23, oat, 25, rye, 23, roasted pea, 62, roasted corn, 48, roasted garlic, 96, fried tomato, 44, fried pea pods, 47, fried carrot, 42, fried cucumber, 18, fried onion, 92, fried potato, 48, fried lettuce, 46, fried pumpkin, 46, fried cabbage, 43, fried garlic, 93
Normal fighting, 112, toon offset, 87, oven, 40, cauldron, 75, salty water, 16, sugar, 47, wheat, 25, barley, 23, oat, 25, rye, 23, fried pea, 59, fried corn, 45, fried garlic, 93, fried tomato, 44, fried pea pods, 47, fried carrot, 42, fried cucumber, 18, fried onion, 92, fried potato, 48, fried lettuce, 46, fried pumpkin, 46, fried cabbage, 43, fried garlic, 93
First aid, 113, toon offset, 87, oven, 40, cauldron, 75, water, 6, sugar, 47, wheat, 25, barley, 23, oat, 25, rye, 23, roasted pea, 62, roasted corn, 48, roasted garlic, 96, roasted tomato, 47, fried pea pods, 47, fried carrot, 42, fried cucumber, 18, fried onion, 92, fried potato, 48, fried lettuce, 46, fried pumpkin, 46, fried cabbage, 43, garlic, 92
Taunting, 114, toon offset, 87, oven, 40, cauldron, 75, water, 6, sugar, 47, wheat, 25, barley, 23, oat, 25, rye, 23, roasted pea, 62, roasted corn, 48, roasted garlic, 96, roasted tomato, 47, fried pea pods, 47, fried carrot, 42, fried cucumber, 18, fried onion, 92, fried potato, 48, fried lettuce, 46, fried pumpkin, 46, fried cabbage, 43, fried garlic, 93
Shield bashing, 115, toon offset, 87, oven, 40, cauldron, 75, salty water, 16, sugar, 47, wheat, 25, barley, 23, oat, 25, rye, 23, roasted pea, 62, fried corn, 45, fried garlic, 93, fried tomato, 44, fried pea pods, 47, fried carrot, 42, fried cucumber, 18, fried onion, 92, fried potato, 48, fried lettuce, 46, fried pumpkin, 46, fried cabbage, 43, fried garlic, 93
Milking, 116, toon offset, 87, oven, 40, cauldron, 75, water, 6, sugar, 47, wheat, 25, barley, 23, oat, 25, rye, 23, roasted pea, 62, roasted corn, 48, roasted garlic, 96, roasted tomato, 47, roasted pea pods, 50, fried carrot, 42, fried cucumber, 18, fried onion, 92, fried potato, 48, fried lettuce, 46, fried pumpkin, 46, fried cabbage, 43, garlic, 92
Preaching, 117, toon offset, 87, oven, 40, cauldron, 75, water, 6, sugar, 47, wheat, 25, barley, 23, oat, 25, rye, 23, roasted pea, 62, roasted corn, 48, roasted garlic, 96, roasted tomato, 47, roasted pea pods, 50, fried carrot, 42, fried cucumber, 18, fried onion, 92, fried potato, 48, fried lettuce, 46, fried pumpkin, 46, fried cabbage, 43, fried garlic, 93
Prayer, 118, toon offset, 87, oven, 40, cauldron, 75, salty water, 16, sugar, 47, wheat, 25, barley, 23, oat, 25, rye, 23, roasted pea, 62, roasted corn, 48, fried garlic, 93, fried tomato, 44, fried pea pods, 47, fried carrot, 42, fried cucumber, 18, fried onion, 92, fried potato, 48, fried lettuce, 46, fried pumpkin, 46, fried cabbage, 43, fried garlic, 93
Channeling, 119, toon offset, 87, oven, 40, cauldron, 75, water, 6, sugar, 47, wheat, 25, barley, 23, oat, 25, rye, 23, roasted pea, 62, roasted corn, 48, roasted garlic, 96, roasted tomato, 47, roasted pea pods, 50, roasted carrot, 45, fried cucumber, 18, fried onion, 92, fried potato, 48, fried lettuce, 46, fried pumpkin, 46, fried cabbage, 43, garlic, 92
Exorcism, 120, toon offset, 87, oven, 40, cauldron, 75, water, 6, sugar, 47, wheat, 25, barley, 23, oat, 25, rye, 23, roasted pea, 62, roasted corn, 48, roasted garlic, 96, roasted tomato, 47, roasted pea pods, 50, roasted carrot, 45, fried cucumber, 18, fried onion, 92, fried potato, 48, fried lettuce, 46, fried pumpkin, 46, fried cabbage, 43, fried garlic, 93
Archaeology, 121, toon offset, 87, oven, 40, cauldron, 75, salty water, 16, sugar, 47, wheat, 25, barley, 23, oat, 25, rye, 23, roasted pea, 62, roasted corn, 48, roasted garlic, 96, fried tomato, 44, fried pea pods, 47, fried carrot, 42, fried cucumber, 18, fried onion, 92, fried potato, 48, fried lettuce, 46, fried pumpkin, 46, fried cabbage, 43, fried garlic, 93
Foraging, 122, toon offset, 87, oven, 40, cauldron, 75, water, 6, sugar, 47, wheat, 25, barley, 23, oat, 25, rye, 23, roasted pea, 62, roasted corn, 48, roasted garlic, 96, roasted tomato, 47, roasted pea pods, 50, roasted carrot, 45, roasted cucumber, 21, fried onion, 92, fried potato, 48, fried lettuce, 46, fried pumpkin, 46, fried cabbage, 43, garlic, 92
Botanizing, 123, toon offset, 87, oven, 40, cauldron, 75, water, 6, sugar, 47, wheat, 25, barley, 23, oat, 25, rye, 23, roasted pea, 62, roasted corn, 48, roasted garlic, 96, roasted tomato, 47, roasted pea pods, 50, roasted carrot, 45, roasted cucumber, 21, fried onion, 92, fried potato, 48, fried lettuce, 46, fried pumpkin, 46, fried cabbage, 43, fried garlic, 93
Climbing, 124, toon offset, 87, oven, 40, cauldron, 75, salty water, 16, sugar, 47, wheat, 25, barley, 23, oat, 25, rye, 23, roasted pea, 62, roasted corn, 48, roasted garlic, 96, roasted tomato, 47, fried pea pods, 47, fried carrot, 42, fried cucumber, 18, fried onion, 92, fried potato, 48, fried lettuce, 46, fried pumpkin, 46, fried cabbage, 43, fried garlic, 93
Stone cutting, 125, toon offset, 87, oven, 40, cauldron, 75, water, 6, sugar, 47, wheat, 25, barley, 23, oat, 25, rye, 23, roasted pea, 62, roasted corn, 48, roasted garlic, 96, roasted tomato, 47, roasted pea pods, 50, roasted carrot, 45, roasted cucumber, 21, roasted onion, 95, fried potato, 48, fried lettuce, 46, fried pumpkin, 46, fried cabbage, 43, garlic, 92
Lock picking, 126, toon offset, 87, oven, 40, cauldron, 75, water, 6, sugar, 47, wheat, 25, barley, 23, oat, 25, rye, 23, roasted pea, 62, roasted corn, 48, roasted garlic, 96, roasted tomato, 47, roasted pea pods, 50, roasted carrot, 45, roasted cucumber, 21, roasted onion, 95, fried potato, 48, fried lettuce, 46, fried pumpkin, 46, fried cabbage, 43, fried garlic, 93
Stealing, 127, toon offset, 87, oven, 40, cauldron, 75, salty water, 16, sugar, 47, wheat, 25, barley, 23, oat, 25, rye, 23, roasted pea, 62, roasted corn, 48, roasted garlic, 96, roasted tomato, 47, roasted pea pods, 50, fried carrot, 42, fried cucumber, 18, fried onion, 92, fried potato, 48, fried lettuce, 46, fried pumpkin, 46, fried cabbage, 43, fried garlic, 93
Traps, 128, toon offset, 87, oven, 40, cauldron, 75, water, 6, sugar, 47, wheat, 25, barley, 23, oat, 25, rye, 23, roasted pea, 62, roasted corn, 48, roasted garlic, 96, roasted tomato, 47, roasted pea pods, 50, roasted carrot, 45, roasted cucumber, 21, roasted onion, 95, roasted potato, 51, fried lettuce, 46, fried pumpkin, 46, fried cabbage, 43, garlic, 92
Catapults, 129, toon offset, 87, oven, 40, cauldron, 75, water, 6, sugar, 47, wheat, 25, barley, 23, oat, 25, rye, 23, roasted pea, 62, roasted corn, 48, roasted garlic, 96, roasted tomato, 47, roasted pea pods, 50, roasted carrot, 45, roasted cucumber, 21, roasted onion, 95, roasted potato, 51, fried lettuce, 46, fried pumpkin, 46, fried cabbage, 43, fried garlic, 93
Animal taming, 130, toon offset, 87, oven, 40, cauldron, 75, salty water, 16, sugar, 47, wheat, 25, barley, 23, oat, 25, rye, 23, roasted pea, 62, roasted corn, 48, roasted garlic, 96, roasted tomato, 47, roasted pea pods, 50, roasted carrot, 45, fried cucumber, 18, fried onion, 92, fried potato, 48, fried lettuce, 46, fried pumpkin, 46, fried cabbage, 43, fried garlic, 93
Animal husbandry, 131, toon offset, 87, oven, 40, cauldron, 75, water, 6, sugar, 47, wheat, 25, barley, 23, oat, 25, rye, 23, roasted pea, 62, roasted corn, 48, roasted garlic, 96, roasted tomato, 47, roasted pea pods, 50, roasted carrot, 45, roasted cucumber, 21, roasted onion, 95, roasted potato, 51, roasted lettuce, 49, fried pumpkin, 46, fried cabbage, 43, garlic, 92
Short bow, 132, toon offset, 87, oven, 40, cauldron, 75, water, 6, sugar, 47, wheat, 25, barley, 23, oat, 25, rye, 23, roasted pea, 62, roasted corn, 48, roasted garlic, 96, roasted tomato, 47, roasted pea pods, 50, roasted carrot, 45, roasted cucumber, 21, roasted onion, 95, roasted potato, 51, roasted lettuce, 49, fried pumpkin, 46, fried cabbage, 43, fried garlic, 93
Long bow, 133, toon offset, 87, oven, 40, cauldron, 75, water, 6, sugar, 47, wheat, 25, barley, 23, oat, 25, rye, 23, fried pea, 59, fried corn, 45, fried garlic, 93, fried tomato, 44, fried pea pods, 47, fried carrot, 42, fried cucumber, 18, fried onion, 92, fried potato, 48, fried lettuce, 46, fried pumpkin, 46, fried cabbage, 43, mashed garlic, 124
Medium bow, 134, toon offset, 87, oven, 40, cauldron, 75, water, 6, sugar, 47, wheat, 25, barley, 23, oat, 25, rye, 23, roasted pea, 62, roasted corn, 48, roasted garlic, 96, roasted tomato, 47, roasted pea pods, 50, roasted carrot, 45, roasted cucumber, 21, roasted onion, 95, roasted potato, 51, roasted lettuce, 49, roasted pumpkin, 49, fried cabbage, 43, garlic, 92
Ship building, 135, toon offset, 87, oven, 40, cauldron, 75, water, 6, sugar, 47, wheat, 25, barley, 23, oat, 25, rye, 23, roasted pea, 62, roasted corn, 48, roasted garlic, 96, roasted tomato, 47, roasted pea pods, 50, roasted carrot, 45, roasted cucumber, 21, roasted onion, 95, roasted potato, 51, roasted lettuce, 49, roasted pumpkin, 49, fried cabbage, 43, fried garlic, 93
Cartography, 136, toon offset, 87, oven, 40, cauldron, 75, water, 6, sugar, 47, wheat, 25, barley, 23, oat, 25, rye, 23, roasted pea, 62, fried corn, 45, fried garlic, 93, fried tomato, 44, fried pea pods, 47, fried carrot, 42, fried cucumber, 18, fried onion, 92, fried potato, 48, fried lettuce, 46, fried pumpkin, 46, fried cabbage, 43, mashed garlic, 124
Trebuchets, 137, toon offset, 87, oven, 40, cauldron, 75, water, 6, sugar, 47, wheat, 25, barley, 23, oat, 25, rye, 23, roasted pea, 62, roasted corn, 48, roasted garlic, 96, roasted tomato, 47, roasted pea pods, 50, roasted carrot, 45, roasted cucumber, 21, roasted onion, 95, roasted potato, 51, roasted lettuce, 49, roasted pumpkin, 49, roasted cabbage, 46, garlic, 92
Restoration, 138, toon offset, 87, oven, 40, cauldron, 75, water, 6, sugar, 47, wheat, 25, barley, 23, oat, 25, rye, 23, roasted pea, 62, roasted corn, 48, roasted garlic, 96, roasted tomato, 47, roasted pea pods, 50, roasted carrot, 45, roasted cucumber, 21, roasted onion, 95, roasted potato, 51, roasted lettuce, 49, roasted pumpkin, 49, roasted cabbage, 46, fried garlic, 93
